1e35db	maps\mp\gametypes\_class::giveloadout
1f0b2b	maps\mp\gametypes\_class::setkillstreaks
55f24b	maps\mp\gametypes\_damage::finishplayerdamagewrapper
36859b	maps\mp\gametypes\_gamelogic::endgame
34102b	maps\mp\gametypes\_gamelogic::forceend
3620db	maps\mp\gametypes\_gamelogic::pausetimer
5b4acb	maps\mp\gametypes\_gameobjects::disableobject
51fbfb	maps\mp\gametypes\_hostmigration::waitlongdurationwithhostmigrationpause
3856eb	maps\mp\gametypes\_hud::fontpulseinit
2d4e3b	maps\mp\gametypes\_hud_message::hintmessage
2d7a8b	maps\mp\gametypes\_hud_message::notifymessage
f1f1f1	maps\mp\gametypes\_missions::createperkmap
f1f1f1	maps\mp\gametypes\_missions::initmissiondata
f1f1f1	maps\mp\gametypes\_missions::usehardpoint
32522b	maps\mp\gametypes\_spawnlogic::findboxcenter
4f488b	maps\mp\gametypes\_spectating::setspectatepermissions
26333b	maps\mp\gametypes\_teams::getteamflagmodel
262fbb	maps\mp\gametypes\_teams::getteamvoiceprefix
21471b	maps\mp\gametypes\_tweakables::settweakablevalue
24431b	maps\mp\gametypes\_weapons::updatemovespeedscale
f1f1f1	maps\mp\killstreaks\_airdrop::cratesetupforuse
61c2db	maps\mp\killstreaks\_airdrop::createairdropcrate
620b3b	maps\mp\killstreaks\_airdrop::dropthecrate
61791b	maps\mp\killstreaks\_airdrop::getcratetypefordroptype
6232db	maps\mp\killstreaks\_airdrop::getflyheightoffset
621b9b	maps\mp\killstreaks\_airdrop::physicswaiter
697beb	maps\mp\killstreaks\_emp::destroyactivevehicles
66907b	maps\mp\killstreaks\_helicopter::addtohelilist
6566bb	maps\mp\killstreaks\_helicopter::callback_vehicledamage
65767b	maps\mp\killstreaks\_helicopter::heli_damage_monitor
652adb	maps\mp\killstreaks\_helicopter::heli_existance
6644bb	maps\mp\killstreaks\_helicopter::heli_fly_loop_path
6636db	maps\mp\killstreaks\_helicopter::heli_fly_simple_path
66643b	maps\mp\killstreaks\_helicopter::heli_fly_well
658f8b	maps\mp\killstreaks\_helicopter::heli_health
66732b	maps\mp\killstreaks\_helicopter::heli_leave
65d13b	maps\mp\killstreaks\_helicopter::heli_leave_on_changeteams
65cf8b	maps\mp\killstreaks\_helicopter::heli_leave_on_disconnect
65d50b	maps\mp\killstreaks\_helicopter::heli_leave_on_gameended
65630b	maps\mp\killstreaks\_helicopter::heli_reset
651d3b	maps\mp\killstreaks\_helicopter::sentry_attacktargets
2f92cb	maps\mp\killstreaks\_killstreaks::clearkillstreaks
f1f1f1	maps\mp\killstreaks\_killstreaks::getkillstreakcrateicon
2fbf6b	maps\mp\killstreaks\_killstreaks::givekillstreak
1fd13b	maps\mp\perks\_perks::giveperk
