0x0000	wait
0x0001	struct
0x0002	gametype
0x0003	onstartgametype
0x0004	getspawnpoint
0x0005	splitscreen
0x0006	spawnmins
0x0007	spawnmaxs
0x0008	mapcenter
0x000A	quickmessagetoall
0x000B	pers
0x000C	spawnpoints
0x000E	script_delay
0x000F	script_sound
0x0010	scr_sound
0x0011	timer
0x0012	func
0x0018	origin
0x0019	start
0x001A	range
0x001B	angles
0x001C	forward
0x001E	trace
0x002A	entity
0x002B	entities
0x002C	sound
0x002D	team
0x002F	players
0x0030	player
0x0031	message
0x0032	priority
0x0034	lowermessages
0x0035	name
0x0036	text
0x0037	time
0x003B	addtime
0x003C	lowermessage
0x003D	alpha
0x003E	lowertimer
0x003F	fadetime
0x0044	otherteam
0x004D	soundalias
0x004E	dvar
0x0052	value
0x0053	alias
0x0054	tag
0x0055	waittime
0x0059	weapon
0x005C	ref
0x005D	defaultvalue
0x005E	stats
0x0063	num
0x0068	lastslowprocessframe
0x006B	index
0x006C	dialog
0x006D	group
0x006F	team1
0x0071	team2
0x0075	leaderdialoggroup
0x0076	leaderdialogactive
0x0077	leaderdialoggroups
0x0079	leaderdialogqueue
0x007A	leaderdialoglocalsound
0x007C	starttime
0x007D	timerstopped
0x007E	timerpausetime
0x007F	discardtime
0x0080	forcespectatorclient
0x0081	killcamentity
0x0082	archivetime
0x0083	psoffsettime
0x0084	class
0x008A	xpgains
0x008C	gain
0x008E	roundswitchdvar
0x008F	roundswitchmin
0x0090	roundswitchmax
0x0091	roundswitch
0x0094	isplayer
0x0095	isadestructable
0x0096	damagecenter
0x0099	issentry
0x009A	grenade
0x00A4	savedata
0x00A5	offhandclass
0x00A6	saved_actionslotdata
0x00A7	actionslots
0x00A8	currentweapon
0x00A9	weapons
0x00AA	clipammor
0x00AB	clipammol
0x00AC	stockammo
0x00AD	throwinggrenade
0x00AE	script_savedata
0x00B1	loadoutprimarycamo
0x00B5	item
0x00B6	type
0x00B8	watchdvars
0x00B9	notifystring
0x00BD	teambased
0x00BE	forcedend
0x00BF	score
0x00C0	objectivebased
0x00C2	dd
0x00C3	bombexploded
0x00C4	ddtimetoadd
0x00C5	hasspawned
0x00C6	maxplayercount
0x00CA	ent
0x00D1	carryicon
0x00D2	usingremote
0x00D4	hostmigrationtimer
0x00D7	queues
0x00D8	first
0x00DF	perkname
0x00E0	perks
0x00E1	perksetfuncs
0x00E2	scriptperks
0x00E3	perkunsetfuncs
0x00E6	array
0x00E7	end
0x00E9	pivot
0x00EC	fauxdead
0x00EE	rankedmatch
0x00EF	usingonlinedataoffline
0x00F0	onlinegame
0x00F2	tagname
0x00F3	fov
0x00F5	adrenalineinfo
0x00F6	adrenaline
0x00F7	combathigh
0x00FA	duration
0x00FB	_statusmenu
0x00FC	statusmenu
0x00FD	changingweapon
0x0100	weaponname
0x0102	modifier
0x0105	clientid
0x0109	caller
0x010A	owner
0x010B	lifeid
0x010C	maxlives
0x0111	levelflags
0x0114	teamemped
0x0115	empplayer
0x0116	nuked
0x0118	guid
0x0119	splash
0x011A	hardcoremode
0x011E	interval
0x0120	health
0x0121	maxhealth
0x0122	objid
0x0123	reclaimedreservedobjectives
0x012B	pos
0x012C	radius
0x012D	height
0x012E	trig
0x012F	channel
0x0137	x
0x0138	y
0x0139	z
0x0141	current_target
0x0142	teams
0x0143	defaultexception
0x0144	exception
0x014B	sum
0x0151	threads
0x0156	timeout
0x0157	delay
0x015E	flashendtime
0x015F	flag
0x0160	flags_lock
0x0161	generic_index
0x0162	sp_stat_tracking_func
0x0163	flag_struct
0x0164	trigger_flags
0x0165	empty
0x0168	unique_id
0x016C	process
0x016D	var1
0x016E	var2
0x0179	ents
0x017A	realorigin
0x017B	trigger_off
0x017D	script_flag_true
0x0182	script_flag_false
0x0183	trigger_func
0x0184	flags
0x0185	struct_class_names
0x0188	targetname
0x018A	target
0x018B	script_noteworthy
0x018C	script_linkname
0x0191	vector
0x01A4	start_time
0x01A7	issp
0x01A8	string
0x01AB	g
0x01AC	b
0x01B9	org
0x01BB	color
0x01BD	right
0x01BE	up
0x01BF	dist
0x01C1	script_linkto
0x01C5	getnodearrayfunction
0x01C8	fx
0x01C9	_effect
0x01CC	csv_lines
0x01CD	effect
0x01CE	saved_lastweapon
0x01CF	disabledusability
0x01D0	disabledweapon
0x01D1	disabledweaponswitch
0x01D2	disabledoffhandweapons
0x01D3	tag_origin
0x01D4	fileprintlauncher_linecount
0x01D5	fileprint_launcher
0x01D9	str
0x01DA	destructible_type
0x01DB	v
0x01DC	model
0x01DD	spawnflags
0x01DE	connectpathsfunction
0x01DF	createfx_enabled
0x01E0	exploded
0x01E4	physics
0x01E7	getnodefunction
0x01E8	brush_shown
0x01E9	disconnect_paths
0x01EA	disconnectpathsfunction
0x01EB	earthquake
0x01ED	min_delay
0x01EE	max_delay
0x01EF	damage
0x01F0	loopsound_ent
0x01F1	master
0x01F2	looper
0x01F5	ender
0x01F7	createfxent
0x01F8	fxid
0x01FA	count
0x01FD	a
0x0201	offset
0x0202	exploderfunction
0x0204	drawn
0x0205	mp_createfx
0x0206	createfx
0x0207	createfx_loopcounter
0x0208	triggers
0x0209	script
0x020A	func_position_player
0x020B	createfxhudelements
0x020C	createfx_hudelements
0x020F	crosshair
0x0210	location
0x0211	alignx
0x0212	aligny
0x0213	foreground
0x0214	fontscale
0x0215	sort
0x0216	cleartextmarker
0x0219	createfx_centerprint
0x021A	selectedmove_up
0x021B	selectedmove_forward
0x021C	selectedmove_right
0x021D	selectedrotate_pitch
0x021E	selectedrotate_roll
0x021F	selectedrotate_yaw
0x0220	selected_fx
0x0221	selected_fx_ents
0x0222	createfx_lockedlist
0x0223	createfx_draw_enabled
0x0224	last_displayed_ent
0x0225	buttonisheld
0x0228	colors
0x022A	fx_rotating
0x022B	createfx_selecting
0x022C	black
0x022D	createfx_inputlocked
0x0230	dot
0x0236	difference
0x0238	createfxcursor
0x0239	buttonclick
0x023A	button_is_kb
0x023B	selected_fx_option_index
0x023C	fx_highlightedent
0x023D	func_process_fx_rotater
0x023F	func_position_player_get
0x0240	effect_list_offset
0x0241	id
0x0242	exploder
0x024C	exploders
0x024D	maxdist
0x024F	createfx_options
0x0250	center
0x0251	key
0x0258	stored_ents
0x0259	textalpha
0x025E	colorindex
0x0262	name2
0x0263	fxhudelements
0x0266	yaw
0x0268	rate
0x026C	func_updatefx
0x0275	_effect_keys
0x027A	script_exploder
0x027B	script_fxid
0x027C	script_firefx
0x027D	script_firefxdelay
0x027E	script_firefxsound
0x027F	script_earthquake
0x0280	script_damage
0x0281	script_radius
0x0282	script_soundalias
0x0283	script_firefxtimeout
0x0284	script_repeat
0x0285	script_delay_min
0x0286	script_delay_max
0x0287	script_exploder_group
0x0288	targetpos
0x0289	_script_exploders
0x028A	fxstart
0x028B	fxstop
0x0299	fxent
0x029B	fxfireloopmod
0x029C	script_fxcommand
0x029D	script_fxstart
0x029E	script_fxstop
0x02A0	_missing_fx
0x02A3	create_fx_menu
0x02A7	effect_list_offset_max
0x02A8	createfxmasks
0x02AB	setting
0x02AC	description
0x02AE	mask
0x02AF	parent
0x02B0	point
0x02B1	yoffset
0x02B2	xoffset
0x02B3	relativepoint
0x02B4	children
0x02B8	uiparent
0x02B9	horzalign
0x02BA	vertalign
0x02BD	width
0x02C0	elemtype
0x02C1	bar
0x02C2	frac
0x02C4	rateofchange
0x02C6	shader
0x02C7	lastupdatetime
0x02C8	font
0x02CA	basefontscale
0x02CB	fontheight
0x02CC	hidden
0x02CE	iconelem
0x02CF	basewidth
0x02D0	baseheight
0x02D1	flashfrac
0x02D2	selected
0x02D5	primaryprogressbarheight
0x02D6	primaryprogressbarwidth
0x02D7	primaryprogressbary
0x02D8	primaryprogressbarx
0x02D9	primaryprogressbarfontsize
0x02DA	primaryprogressbartexty
0x02DB	primaryprogressbartextx
0x02DC	teamprogressbarheight
0x02DD	teamprogressbarwidth
0x02DE	teamprogressbary
0x02DF	teamprogressbarfontsize
0x02E0	teamprogressbartexty
0x02E3	label
0x02E7	direction
0x02EA	maxalpha
0x02EB	persistentdatainfo
0x02EC	bufferedstats
0x02ED	bufferedchildstats
0x02F0	gameended
0x02F8	classmap
0x02F9	defaultclass
0x02FA	classtablename
0x02FC	primaryweapon
0x02FE	lastclass
0x0306	classname
0x0308	curclass
0x0309	class_num
0x030C	loadoutprimary
0x030E	loadoutsecondarycamo
0x030F	loadoutsecondary
0x0312	loadoutperk1
0x0313	loadoutperk2
0x0314	loadoutperk3
0x0319	specialty
0x031B	killstreakrewards
0x0320	diehardmode
0x0321	spawntime
0x0324	ingraceperiod
0x0327	secondaryweapon
0x0328	issniper
0x0329	hasriotshield
0x032A	hasriotshieldequipped
0x0330	currentweaponatspawn
0x0332	placement
0x0336	basename
0x0339	lettertonumber
0x0341	killstreaks
0x0344	streakname
0x0349	idx
0x034A	classgrenades
0x034B	detectexplosives
0x034C	bombsquadicons
0x034D	bombsquadids
0x034E	waitdelay
0x0353	weaponrefs
0x0354	weaponlist
0x0358	perkfuncs
0x0359	spawnglowmodel
0x035A	spawnglow
0x035B	c4death
0x035C	spawnfire
0x035D	fauxperks
0x035E	omaclasschanged
0x0361	victim
0x0362	attacker
0x0365	hitloc
0x0367	bulletdamagemod
0x0368	armorvestmod
0x036A	explosivedamagemod
0x036B	blastshieldmod
0x036C	dangerclosemod
0x036D	xpscaler
0x036E	damageblockedtotal
0x0371	riotshieldmod
0x0372	armorpiercingmod
0x0374	_useperkenabled
0x0375	endgame
0x0376	attackertable
0x0377	hasdonecombat
0x0378	endgametimer
0x0379	endgameicon
0x037B	combathighoverlay
0x037C	archived
0x037D	combathightimer
0x037E	combathighicon
0x037F	movespeedscaler
0x0380	objectivescaler
0x0381	killstreakscaler
0x0382	menu
0x0384	carryflag
0x0385	usebar
0x0386	usebartext
0x0387	setspawnpoint
0x0388	tispawnposition
0x038C	enemytrigger
0x038D	playerspawnpos
0x0393	spot
0x0397	rules
0x0398	gametweaks
0x0399	teamtweaks
0x039A	playertweaks
0x039B	classtweaks
0x039C	weapontweaks
0x039D	hardpointtweaks
0x039E	hudtweaks
0x039F	lastvalue
0x03A0	clienttweakables
0x03A1	tweakablesinitialized
0x03A2	console
0x03A5	scavenger_altmode
0x03A7	maxperplayerexplosives
0x03A8	riotshieldxpbullets
0x03B5	claymoredetectionconeangle
0x03B6	claymoredetectiondot
0x03B7	claymoredetectionmindist
0x03B8	claymoredetectiongraceperiod
0x03B9	claymoredetonateradius
0x03BA	stingerfxid
0x03BB	primary_weapon_array
0x03BC	side_arm_array
0x03BD	grenade_array
0x03BE	inventory_array
0x03C3	c4explodethisframe
0x03C7	bombsquadmodel
0x03C8	hits
0x03C9	empendtime
0x03CA	concussionendtime
0x03CB	lasthittime
0x03CC	droppeddeathweapon
0x03CD	tookweaponfrom
0x03CE	lastdroppableweapon
0x03CF	hitsthismag
0x03D0	bothbarrels
0x03D9	ownersattacker
0x03DB	tag_stowed_back
0x03DC	tag_stowed_hip
0x03F9	friendlyfire
0x03FB	gotpullbacknotify
0x03FC	c4array
0x03FD	claymorearray
0x03FE	iscooked
0x03FF	originalowner
0x0400	missilesforsighttraces
0x0402	missile
0x0404	stingertarget
0x0405	javelintarget
0x0406	position
0x0407	threwback
0x0408	c4
0x0409	activated
0x040A	disabled
0x0413	idflags
0x0414	waschained
0x0415	idflags_penetration
0x0416	wasdamagedfrombulletpenetration
0x0417	wasdamaged
0x0419	ownerteam
0x041A	detectid
0x041B	bombsquadicon
0x0422	distsq
0x0423	sessionstate
0x0424	grenades
0x0425	destructibles
0x042C	turrets
0x0435	einflictor
0x0437	idamage
0x0438	smeansofdeath
0x0439	sweapon
0x043B	damagedir
0x043C	damageorigin
0x043D	callbackplayerdamage
0x0453	assetname
0x0454	weaponinfo
0x0455	variants
0x0457	isstuck
0x0458	stuckenemyentity
0x0459	disconnected
0x0460	flashduration
0x0461	flashrumbleduration
0x0462	initedentityheadicons
0x0463	showto
0x0464	icon
0x0465	entityheadicons
0x0467	headicon
0x0469	entityheadiconteam
0x046A	entityheadicon
0x046B	entityheadiconoffset
0x046C	teambalance
0x046D	maxclients
0x046E	freeplayers
0x0470	timeplayed
0x0471	sessionteam
0x0472	teamlimit
0x0477	axis
0x0478	allies
0x047A	environment
0x047D	teamcount
0x047F	headmodel
0x0480	voice
0x0483	character_head_index
0x0484	script_char_index
0x0485	anim_gunhand
0x0487	putguninhand
0x0488	info
0x0489	anim_guninhand
0x048A	hatmodel
0x048E	script_char_group
0x048F	character_index_cache
0x0492	stingerstage
0x0493	stingerlockstarttime
0x0494	stingerlostsightlinetime
0x0495	stingertargets
0x0496	stingeruseentered
0x0497	ac130
0x0498	planemodel
0x0499	ac130player
0x049A	chopper
0x049B	gunner
0x04A2	targets
0x04A3	harriers
0x04A7	uavmodels
0x04AB	littlebird
0x04B7	javelinstage
0x04B8	javelinpoints
0x04B9	javelinnormals
0x04BA	javelinlockmisses
0x04BB	javelintargetpoint
0x04BC	javelintargetnormal
0x04BD	javelinlockstarttime
0x04BE	javelinuseentered
0x04BF	currentlylocking
0x04C0	currentlylocked
0x04C1	endpoint
0x04CA	gather_delay
0x04D4	javelinlostsightlinetime
0x04D6	hud_damagefeedback
0x04DA	missioncallbacks
0x04DB	perkmap
0x04DD	patientzeroname
0x04DE	infected
0x04DF	plague
0x04E0	killstreakfuncs
0x04E1	explosiveinfo
0x04E2	callback
0x04E3	challengedata
0x04E6	hardpointtype
0x04E7	finalkill
0x04E9	explosivekills
0x04EC	killedplayers
0x04ED	killedplayerscurrent
0x04F2	usedweapons
0x04F5	killsthislife
0x04F9	modifiers
0x04FA	onelefttime
0x04FD	victimteam
0x04FE	inlaststand
0x04FF	brinkofdeathkillstreak
0x0501	challengeinfo
0x0503	sprimaryweapon
0x0505	anglesondeath
0x0507	anglesonkill
0x050A	attackers
0x050D	attackerdata
0x050E	isprimary
0x0512	infinalstand
0x0513	inc4death
0x0514	isplanting
0x0515	isdefusing
0x0516	isbombcarrier
0x0517	wasti
0x0518	victimonground
0x0519	attackeronground
0x051A	idflagstime
0x051B	attackerinlaststand
0x051C	attackerstance
0x051D	wasaliveatmatchstart
0x051E	deaths
0x051F	kills
0x0521	place
0x0522	winner
0x0523	shitloc
0x0524	laststand
0x0525	vehicle
0x0526	processingkilledchallenges
0x0527	sprintdistthissprint
0x0528	prevpos
0x052C	teamkillsthisround
0x052E	lastdamagewasfromenemy
0x052F	healthregenerationstreak
0x0530	healthoverlaycutoff
0x0534	progress
0x0542	hinttext
0x0544	notifytext
0x0545	glowcolor
0x0548	notifytitle
0x0549	glowalpha
0x054A	hidewheninmenu
0x054B	notifytext2
0x054C	notifyicon
0x054D	notifyoverlay
0x054E	doingsplash
0x054F	splashqueue
0x0550	titletext
0x0551	iconname
0x0552	slot
0x0555	postgamepromotion
0x0556	leadersound
0x0558	titlelabel
0x0559	titleisstring
0x055A	textglowcolor
0x055B	textlabel
0x055C	textisstring
0x055D	text2label
0x055E	iconoverlay
0x055F	overlayoffsety
0x0561	optionalnumber
0x0562	leadersoundgroup
0x0568	playercardplayer
0x056A	hintmessage
0x056B	lowertextfontsize
0x056C	lowertexty
0x056D	lowertextyalign
0x0580	matchbonus
0x0583	spacing
0x0587	killstreaksetupfuncs
0x0588	killstreakweapons
0x058A	killstreakrounddelay
0x0594	earned
0x0596	awardxp
0x0597	kid
0x0598	selectinglocation
0x0599	graceperiod
0x059B	onxpevent
0x059F	lastkillstreak
0x05A3	firstkillstreakearned
0x05A7	nukevisioninprogress
0x05A8	ac130_use_duration
0x05A9	ac130_num_flares
0x05AA	radioforcedtransmissionqueue
0x05AB	enemieskilledintimewindow
0x05AC	lastradiotransmission
0x05AD	cosine
0x05AE	huditem
0x05AF	physicssphereradius
0x05B0	physicssphereforce
0x05B1	weaponreloadtime
0x05B2	ac130_speed
0x05B5	ac130inuse
0x05B6	ac130queue
0x05B7	civilianjetflyby
0x05B9	crashed
0x05BA	name1
0x05BC	played
0x05BD	sounds
0x05C0	context_sensative_dialog_timeouts
0x05C1	createstruct
0x05C2	groups
0x05C3	start_origin
0x05C4	start_angles
0x05C6	incomingmissile
0x05C8	numflares
0x05C9	cameramodel
0x05CB	darkscreenoverlay
0x05CE	nukedetonated
0x05D7	playerweapon
0x05E1	script_team
0x05E3	radio_in_use
0x05F3	missiletarget
0x05F5	mindist
0x05FE	rig
0x0605	teamspawnpoints
0x0606	inited
0x0607	extraspawnpoints
0x0608	sighttracepoint
0x0609	lastspawnedplayer
0x060A	lastspawntime
0x060C	outside
0x060D	startpoint
0x060E	alternates
0x0618	lastspawnpoint
0x061C	sights
0x061F	weight
0x0620	lastsighttracetime
0x0621	predictedspawnpoint
0x0622	aliveplayers
0x0624	obj
0x062A	numplayersatlastupdate
0x062B	weighteddistsum
0x062D	distsum
0x0636	artillerydangercenters
0x0638	safespawndangerdist
0x0640	spawnlogic_deaths
0x0641	spawnlogic_spawnkills
0x0642	pipebombs
0x0643	helis
0x0644	tanks
0x0645	safespawns
0x0647	claymoremodelcenteroffset
0x0649	claymoredetectionradius
0x064F	debug
0x0659	tank
0x0666	forcespawnnearteammates
0x0669	gametypestarted
0x066A	callbackstartgametype
0x066B	callbackplayerconnect
0x066C	callbackplayerdisconnect
0x066D	vpoint
0x066E	vdir
0x0671	callbackplayerkilled
0x0675	damagecallback
0x0676	callbackcodeendgame
0x0677	callbackplayerlaststand
0x0678	callbackplayermigrated
0x0679	callbackhostmigration
0x067A	idflags_radius
0x067B	idflags_no_armor
0x067C	idflags_no_knockback
0x067D	idflags_stun
0x067E	idflags_shield_explosive_impact
0x067F	idflags_shield_explosive_impact_huge
0x0680	idflags_shield_explosive_splash
0x0681	idflags_no_team_protection
0x0682	idflags_no_protection
0x0683	idflags_passthru
0x0684	forfeitinprogress
0x0688	hostforcedend
0x068B	disablespawning
0x068C	livescount
0x068D	alivecount
0x068E	ondeadevent
0x068F	ononeleftevent
0x0690	showingfinalkillcam
0x0693	prematchperiod
0x0694	statusicon
0x0697	connectedpostgame
0x06A3	timelimitoverride
0x06A5	onhalftime
0x06A6	ontimelimit
0x06A8	scorelimitoverride
0x06A9	prematchperiodend
0x06AB	matchstarttimer
0x06AC	inframes
0x06AF	halftimesubcaption
0x06B0	halftimetype
0x06B1	gameendtime
0x06B2	postroundtime
0x06B4	timepaused
0x06B5	perkicon
0x06B6	proxbar
0x06B7	proxbartext
0x06B9	selectedclass
0x06BC	postgamenotifies
0x06BD	intermission
0x06C0	onprecachegametype
0x06C1	usestartspawns
0x06C2	objectivepointsmod
0x06C3	maxallowedteamkills
0x06C9	wavedelay
0x06CA	lastwave
0x06CB	waveplayerspawnindex
0x06CC	activeplayers
0x06CD	roundenddelay
0x06CE	halftimeroundenddelay
0x06CF	bombtimer
0x06D2	timerstoppedforgamemode
0x06D5	nukeincoming
0x06D6	gtnw
0x06DE	clientmatchdataid
0x06DF	ps3
0x06E0	maxnamelength
0x06E2	event
0x06E5	waswinning
0x06E7	laststatustime
0x06E8	updateddmscores
0x06EA	found
0x06F1	killedplayer
0x06F2	assists
0x06F3	scoreinfo
0x06F4	xpscale
0x06F5	ranktable
0x06F6	maxrank
0x06F7	maxprestige
0x06FF	xpupdatetotal
0x0700	bonusupdatetotal
0x0713	ischeater
0x0714	xp
0x071A	hud
0x071B	maxfontscale
0x071C	outframes
0x071D	_loadstarted
0x071E	requiredmapaspectratio
0x071F	createclientfontstring_func
0x0720	hudsetpoint_func
0x0721	leaderdialogonplayer_func
0x0722	lanterns
0x0723	triggertype
0x0724	script_prefab_exploder
0x0729	laseron_func
0x072A	laseroff_func
0x072B	script_chance
0x0730	script_ender
0x0731	script_disconnectpaths
0x0732	minefields
0x0733	minefield
0x0734	maxdamage
0x0735	mindamage
0x0739	numareas
0x073A	poison
0x073B	radiationoverlay
0x073D	radiationsound
0x0747	length
0x074E	touchtriggers
0x074F	jet_parts
0x0750	jet_flyto
0x0751	engine_fxs
0x0752	flash_fxs
0x0753	jet_engine_fx
0x0754	jet_flash_fx_red
0x0755	jet_flash_fx_green
0x0756	jet_flash_fx_blink
0x0764	jet_fly_vec
0x0767	jet_flight_time
0x0769	civilianjetflyby_timer
0x076A	airstrikeinprogress
0x076B	remotemissileinprogress
0x0776	forwardvec
0x0779	vm_normal
0x077C	vm_launch_from
0x077D	vm_launch_to
0x077E	vm_fx_loc
0x077F	vm_normal_model
0x0780	vm_damaged_model
0x0781	vm_soda_model
0x0782	vm_soda_start_pos
0x0783	vm_soda_start_angle
0x0784	vm_soda_stop_pos
0x0785	vm_soda_stop_angle
0x0786	soda_array
0x0787	soda_count
0x0788	soda_slot
0x0789	hp
0x078A	vending_machine
0x078F	ejected
0x07A2	alarm_interval
0x07A3	alarm_playing
0x07A4	alarm_annoyance
0x07A5	tolerance
0x07A9	light
0x07B8	damagetype
0x07BC	dmg
0x07BF	movetracker
0x07C0	lightson
0x07C1	lights
0x07C5	lightrigs
0x07C9	touchlist
0x07CA	distmoved
0x07CD	outdoor_motion_light
0x07CF	lightent
0x07D2	doorent
0x07D3	doorangle
0x07D4	baseyaw
0x07D7	copier
0x07D8	copy_bar
0x07D9	intensity
0x07DA	start_pos
0x07DB	end_pos
0x07E1	speed
0x07EA	entnum
0x07EB	finished_spawning
0x07ED	movetrackers
0x07EF	inc
0x07F3	startyaw
0x07FB	origins
0x07FF	accumulate
0x0800	threshold
0x0801	script_accumulate
0x0802	script_threshold
0x0803	script_destructable_area
0x0807	blockedoff
0x0809	elevators
0x080A	elevator_callbutton_link_v
0x080B	elevator_callbutton_link_h
0x080F	elevator_accel
0x0810	elevator_decel
0x0811	elevator_music
0x0812	elevator_speed
0x0813	elevator_innerdoorspeed
0x0814	elevator_outterdoorspeed
0x0815	elevator_return
0x0816	elevator_waittime
0x0817	elevator_aggressive_call
0x0818	elevator_debug
0x0819	elevator_motion_detection
0x081A	elevator_callbuttons
0x081F	floor_override
0x0820	overrider
0x0821	state
0x0822	estate
0x0825	moveto_floor
0x082A	motion_trigger
0x082B	elevator_interrupted
0x0832	moving
0x0834	e
0x0852	parts
0x085C	code_classname
0x0879	enabled
0x087B	script_models
0x0887	models
0x0897	def
0x089E	destructiblespawnedentslimit
0x089F	destructiblespawnedents
0x08A0	currentcaralarms
0x08A1	commonstarttime
0x08A8	vehicles
0x08B0	modeldummyon
0x08B1	destructible_parts
0x08B9	modeldummy
0x08C4	fxname
0x08C6	fxcost
0x08C9	badplaceradius
0x08CD	animname
0x08CE	animtree
0x08EF	destructible
0x08F1	damageowner
0x0904	player_damage
0x0905	non_player_damage
0x0906	waiting_for_queue
0x090C	loopfx
0x0915	damage_type
0x092D	currentstate
0x0939	forceexploding
0x093A	dontallowexplode
0x093C	damageisfromplayer
0x093D	isaifunc
0x093F	godmode
0x0940	script_bulletshield
0x0942	car_damage_owner_recorder
0x0943	destructible_badplace_radius_multiplier
0x0944	destructible_health_drain_amount_multiplier
0x0945	healthdrain
0x0947	disable_destructible_bad_places
0x0948	disablebadplace
0x0949	badplace_cylinder_func
0x094A	badplace_delete_func
0x094C	destructible_explosion_radius_multiplier
0x0950	damagelocation
0x0952	lastcarexplosiontime
0x0953	lastcarexplosiondamagelocation
0x0954	lastcarexplosionlocation
0x0955	lastcarexplosionrange
0x0956	gameskill
0x0959	animsapplied
0x095A	caralarm
0x095B	friendlyfiredisabledfordestructible
0x095C	clip
0x095D	script_destruct_collision
0x095E	notifydamageafterframe
0x095F	car_alarm_org
0x0960	lastcaralarmtime
0x0967	func_destructible_crush_player
0x096B	breakable_light
0x096C	destructible_spotlight
0x0972	script_noflip
0x0973	animrate
0x0976	animation
0x0978	destroyedcount
0x0979	destroyedcounttimeout
0x097A	maxdestructions
0x097B	destructibleframequeue
0x097C	totaldamage
0x097D	neardistance
0x0994	_destructible_preanims
0x0995	_pipe_fx_time
0x0997	_pipes
0x0998	num_pipe_fx
0x0999	pipe_fx_array
0x099A	node
0x099E	_pipe_methods
0x09A1	fx_time
0x09A3	_sound
0x09A8	_dmg
0x09A9	pipesdamage
0x09AB	fire
0x09AE	fogexphalfplane
0x09AF	fognearplane
0x09B0	fogcolor
0x09B1	fogmaxopacity
0x09B2	sunfogenabled
0x09B3	sunfogcolor
0x09B4	sunfogdir
0x09B5	sunfogbeginfadeangle
0x09B6	sunfogendfadeangle
0x09B7	sunfogscale
0x09FE	startpos
0x0A1B	basealpha
0x0A20	func_loopfxthread
0x0A21	func_oneshotfxthread
0x0A22	func_create_loopsound
0x0A29	respawntimerstarttime
0x0A2B	wavespawnindex
0x0A30	onrespawndelay
0x0A31	tispawndelay
0x0A35	waitingtospawn
0x0A37	teamkilldelay
0x0A38	timeuntilspawn
0x0A39	wantsafespawn
0x0A3A	revived
0x0A3B	standardmaxhealth
0x0A3D	predictedspawnpointtime
0x0A46	cancelkillcam
0x0A47	friendlydamage
0x0A48	afk
0x0A49	damagedplayers
0x0A4A	clampedhealth
0x0A4B	shielddamage
0x0A4C	shieldbullethits
0x0A4D	recentshieldxp
0x0A4F	spawnpos
0x0A50	onspawnplayer
0x0A52	connected
0x0A56	hitlocinited
0x0A57	connecttime
0x0A59	kill_streak
0x0A5A	lastgrenadesuicidetime
0x0A5B	autoassign
0x0A5C	spectator
0x0A5D	hostmigrationreturnedplayercount
0x0A5E	levels
0x0A5F	rank
0x0A61	maxxp
0x0A6E	suicides
0x0A6F	headshots
0x0A70	switching_teams
0x0A71	spectateoverride
0x0A74	allowfreespectate
0x0A75	allowenemyspectate
0x0A76	numkills
0x0A77	killedby
0x0A78	lastkilledby
0x0A79	greatestuniqueplayerkills
0x0A7A	recentkillcount
0x0A7B	lastkilltime
0x0A7F	lastkilledplayer
0x0A80	firsttimedamaged
0x0A81	assistedsuicide
0x0A82	deathtime
0x0A86	attackerposition
0x0A8D	lastkilllocation
0x0A8E	lastcampkilltime
0x0A8F	cratetype
0x0A91	maxevents
0x0A92	maxkillstreaks
0x0A93	maxlogclients
0x0AA0	joining_team
0x0AA1	leaving_team
0x0AA3	spamdelay
0x0AA5	headiconteam
0x0AA6	oldheadicon
0x0AA7	oldheadiconteam
0x0AA8	hostmigrationcontrolsfrozen
0x0AAB	anim_prop_models
0x0AB4	init_animatedmodels
0x0AB7	hostname
0x0AB8	allowvote
0x0AC2	killcam
0x0ACB	killcamlength
0x0ACC	killcamoffset
0x0ACD	kc_timer
0x0ACE	kc_skiptext
0x0ACF	kc_othertext
0x0AD0	kc_icon
0x0AD1	doingfinalkillcamfx
0x0AE1	selfdeathicons
0x0AE4	lastdeathicon
0x0AE7	playerhealth_regularregendelay
0x0AE8	healthregendisabled
0x0AE9	oldhealth
0x0AEA	regenrate
0x0AEC	breathingstoptime
0x0AF1	atbrinkofdeath
0x0AF3	onnormaldeath
0x0AF5	heliridelifeid
0x0AF7	lastattackedshieldplayer
0x0AF8	lastattackedshieldtime
0x0AFE	shieldtrasharray
0x0B03	uselaststandparams
0x0B04	laststandparams
0x0B05	laststandstarttime
0x0B07	lasttimedamaged
0x0B09	lastattacker
0x0B0A	lastdeathpos
0x0B0B	sameshotdamage
0x0B0C	body
0x0B0D	onplayerkilled
0x0B0E	birthtime
0x0B17	attackerent
0x0B18	killcamentitylookat
0x0B19	killcament
0x0B1A	script_gameobjectname
0x0B1C	damageinfo
0x0B1D	bp
0x0B1E	jugg
0x0B1F	damageinfocolorindex
0x0B20	damageinfovictim
0x0B24	candocombat
0x0B28	lastlegitimateattacker
0x0B29	wascooked
0x0B32	maydolaststand
0x0B35	c4deatheffect
0x0B39	inuse
0x0B3C	beingrevived
0x0B3E	deathanim
0x0B40	times
0x0B49	curprogress
0x0B4A	userate
0x0B4B	usetime
0x0B55	isteamspeaking
0x0B56	speakers
0x0B57	bcsounds
0x0B5B	awards
0x0B5E	previousdeaths
0x0B5F	altitudepolls
0x0B60	totalaltitudesum
0x0B61	initgametypeawards
0x0B62	winners
0x0B63	exclusive
0x0B64	award1_ref
0x0B65	award2_ref
0x0B7B	hasdisplayvalue
0x0B87	lastweapon
0x0B8D	lastcampchecked
0x0B8E	positionarray
0x0B98	numgametypereservedobjectives
0x0B99	objidstart
0x0B9A	carryobject
0x0B9B	claimtrigger
0x0B9C	canpickupobject
0x0B9D	killedinuse
0x0B9E	visuals
0x0B9F	curorigin
0x0BA0	baseorigin
0x0BA1	useweapon
0x0BA2	offset3d
0x0BA3	baseangles
0x0BA4	compassicons
0x0BA5	objidallies
0x0BA6	objidaxis
0x0BA7	objidpingfriendly
0x0BA8	objidpingenemy
0x0BA9	objpoints
0x0BAA	carrier
0x0BAB	isresetting
0x0BAC	interactteam
0x0BAD	allowweapons
0x0BAE	worldicons
0x0BAF	carriervisible
0x0BB0	visibleteam
0x0BB1	ondrop
0x0BB2	onpickup
0x0BB3	onreset
0x0BB4	teamusetimes
0x0BB5	teamusetexts
0x0BB6	numtouching
0x0BB7	claimteam
0x0BB8	claimplayer
0x0BB9	lastclaimteam
0x0BBA	lastclaimtime
0x0BBC	onenduse
0x0BBD	onuseupdate
0x0BBE	onpickupfailed
0x0BC0	isshown
0x0BC2	safeorigin
0x0BC4	touchingbadtrigger
0x0BC9	autoresettime
0x0BCB	keyobject
0x0BCC	onuse
0x0BCD	oncantuse
0x0BCE	usetext
0x0BCF	onbeginuse
0x0BD6	nousebar
0x0BD8	lastuserate
0x0BD9	lasthostmigrationstate
0x0BDF	isarena
0x0BE0	attachedusemodel
0x0BE1	lastnonuseweapon
0x0BE9	objpointsize
0x0BEA	seconds
0x0BED	useteam
0x0BEE	worlduseicons
0x0BF0	script_label
0x0BF1	objpointnames
0x0BF2	objpoint_alpha_default
0x0BF3	objpointscale
0x0BF4	isflashing
0x0BF8	playedstartingmusic
0x0BFD	softlandingtriggers
0x0C00	script_type
0x0C01	softlanding
0x0C02	defconmode
0x0C03	defconstreakadd
0x0C04	defconpointmod
0x0C05	requiredkillcount
0x0C09	drawfriend
0x0C14	onfirefx
0x0C15	airstrikefx
0x0C16	mortareffect
0x0C17	bombstrike
0x0C18	stealthbombfx
0x0C19	airplane
0x0C1A	planes
0x0C1B	harrier_smoke
0x0C1C	harrier_deathfx
0x0C1D	harrier_afterburnerfx
0x0C1E	fx_airstrike_afterburner
0x0C1F	fx_airstrike_contrail
0x0C20	dangermaxradius
0x0C21	dangerminradius
0x0C22	dangerforwardpush
0x0C23	dangerovalscale
0x0C24	airstriketype
0x0C2C	max
0x0C2D	min
0x0C2F	airstrikedamagedentscount
0x0C30	airstrikedamagedents
0x0C31	airstrikedamagedentsindex
0x0C34	beingartilleryshellshocked
0x0C46	bomb
0x0C55	airstrikeheightscale
0x0C5C	mapsize
0x0C5E	directionyaw
0x0C61	pathgoal
0x0C64	accel
0x0C65	missiles
0x0C66	defendloc
0x0C69	targ
0x0C70	besttarget
0x0C77	highz
0x0C79	chopper_fx
0x0C7E	zoffset
0x0C8C	nontarget
0x0C9A	targetent
0x0C9F	largeprojectiledamage
0x0CA0	smoking
0x0CA5	missileremotelaunchvert
0x0CA6	missileremotelaunchhorz
0x0CA7	missileremotelaunchtargetdist
0x0CA8	rockets
0x0CAD	validplayers
0x0CAE	spawnscore
0x0CBE	archive
0x0CC0	radarviewtime
0x0CC1	uavblocktime
0x0CC2	uav_fx
0x0CC4	uavrig
0x0CC5	radarmode
0x0CC6	activeuavs
0x0CC7	activecounteruavs
0x0CCD	uavtype
0x0CD0	hasradar
0x0CD1	isradarblocked
0x0CD7	airdropcrates
0x0CD8	oldairdropcrates
0x0CD9	airdropcratecollision
0x0CDF	littlebirds
0x0CE0	cratetypes
0x0CE4	droptype
0x0CE5	cratemaxval
0x0CE7	lowspawn
0x0CEC	cratefuncs
0x0CEE	airdropmarker
0x0CF1	collision
0x0CF3	friendlymodel
0x0CF4	enemymodel
0x0CF5	hintstring
0x0CF6	mode
0x0CF8	objidfriendly
0x0CF9	objidenemy
0x0D00	veh_speed
0x0D08	leaving
0x0D09	c130
0x0D0C	cratehint
0x0D0D	capturednuke
0x0D0E	sentrytype
0x0D0F	sentrysettings
0x0D10	burstmin
0x0D11	burstmax
0x0D12	pausemin
0x0D13	pausemax
0x0D14	modelbase
0x0D15	modelplacement
0x0D16	modelplacementfailed
0x0D17	modeldestroyed
0x0D1B	last_sentry
0x0D1E	canbeplaced
0x0D1F	healthbuffer
0x0D21	carriedby
0x0D23	momentum
0x0D24	heatlevel
0x0D25	overheated
0x0D26	lifespan
0x0D27	firetime
0x0D30	heli_types
0x0D31	heli_start_nodes
0x0D32	heli_loop_nodes
0x0D33	heli_leave_nodes
0x0D34	heli_crash_nodes
0x0D35	heli_missile_rof
0x0D36	heli_maxhealth
0x0D37	heli_debug
0x0D38	heli_targeting_delay
0x0D39	heli_turretreloadtime
0x0D3A	heli_turretclipsize
0x0D3B	heli_visual_range
0x0D3C	heli_target_spawnprotection
0x0D3D	heli_target_recognition
0x0D3E	heli_missile_friendlycare
0x0D3F	heli_missile_target_cone
0x0D40	heli_armor_bulletdamage
0x0D41	heli_attract_strength
0x0D42	heli_attract_range
0x0D43	heli_angle_offset
0x0D44	heli_forced_wait
0x0D45	fx_heli_dust
0x0D46	fx_heli_water
0x0D47	helidialog
0x0D48	lasthelidialogtime
0x0D49	helitype
0x0D4B	lightfxfunc
0x0D4E	eventtype
0x0D4F	startnode
0x0D50	cobra_missile_models
0x0D51	heli_sound
0x0D52	vehicletype
0x0D53	heli_type
0x0D54	attractor
0x0D55	helitargetorigin
0x0D5D	remotehelidist
0x0D6C	targeting_delay
0x0D6D	primarytarget
0x0D6E	secondarytarget
0x0D71	mgturret
0x0D72	mgturretleft
0x0D73	mgturretright
0x0D7A	threatlevel
0x0D7B	antithreat
0x0D7C	damagetaken
0x0D7D	recentdamageamount
0x0D7E	laststate
0x0D84	etarget
0x0D86	defaultweapon
0x0D88	nextmissiletag
0x0D9C	script_airspeed
0x0D9D	script_accel
0x0DA0	currentnode
0x0DA2	desired_speed
0x0DA3	desired_accel
0x0DAB	frames
0x0DAC	armor
0x0DAD	standardspeed
0x0DAF	tankinuse
0x0DB0	tankspawner
0x0DB1	tanktype
0x0DB3	nodes
0x0DB4	oldangles
0x0DB6	timelastfired
0x0DB8	neutraltarget
0x0DB9	veh_pathdir
0x0DBA	changingdirection
0x0DBC	speedtype
0x0DBD	veh_transmission
0x0DBE	numenemiesclose
0x0DBF	graphnodes
0x0DC0	endnode
0x0DC5	forcedtarget
0x0DC6	tankcover
0x0DCA	tankfire
0x0DCF	badtarget
0x0DD3	lastlosttime
0x0DD9	bestminitarget
0x0DE7	lastnode
0x0DE8	prev
0x0DE9	branchnodes
0x0DF5	next
0x0DFA	prevnode
0x0DFD	graphid
0x0DFE	links
0x0E01	linkdirs
0x0E05	otherdir
0x0E0B	linkstartnodes
0x0E0D	forwardgraphid
0x0E0E	reversegraphid
0x0E17	linkinfos
0x0E18	linklengths
0x0E1F	tographnode
0x0E20	tographid
0x0E23	openlist
0x0E24	closedlist
0x0E27	h
0x0E28	f
0x0E29	curnode
0x0E2F	parentnode
0x0E30	openlistid
0x0E31	closedlistid
0x0E46	nuketimer
0x0E47	cancelmode
0x0E48	nukeinfo
0x0E50	xenon
0x0E51	endgameontimelimit
0x0E52	playerslookingforsafespawn
0x0E53	arg1
0x0E54	arg2
0x0E5D	fakelag
0x0E61	spawn_all
0x0E62	spawn_axis_start
0x0E63	spawn_allies_start
0x0E64	flagbasefxid
0x0E67	bestspawnflag
0x0E6A	nearbyspawns
0x0E6B	laststatus
0x0E6E	domflags
0x0E70	tracestart
0x0E72	baseeffectforward
0x0E73	baseeffectright
0x0E74	baseeffectpos
0x0E75	useobj
0x0E76	adjflags
0x0E77	levelflag
0x0E7B	didstatusnotify
0x0E7D	baseeffect
0x0E7F	capturetime
0x0E9C	cpm
0x0E9D	numcaps
0x0E9E	multibomb
0x0E9F	bombplanted
0x0EA1	bombdefused
0x0EA2	planttime
0x0EA3	defusetime
0x0EA4	sdbomb
0x0EA5	bombzones
0x0EA7	exploderindex
0x0EA8	bombdefusetrig
0x0EAA	otherbombzones
0x0EAB	sdbombmodel
0x0EAC	bombowner
0x0EAD	bombplantedtime
0x0EAF	tickingobject
0x0EB3	spawn_axis
0x0EB4	spawn_axis_planted
0x0EB5	spawn_allies
0x0EB6	spawn_allies_planted
0x0EB7	otspawned
0x0EB8	hotpotato
0x0EB9	scoremode
0x0EBA	sabbomb
0x0EBB	bombdistance
0x0EBE	dangerteam
0x0EC0	inovertime
0x0EC1	flagreturntime
0x0EC2	flagmodel
0x0EC3	icon2d
0x0EC4	iconescort3d
0x0EC5	iconescort2d
0x0EC6	iconkill3d
0x0EC7	iconkill2d
0x0EC8	iconcaptureflag3d
0x0EC9	iconcaptureflag2d
0x0ECA	icondefendflag3d
0x0ECB	icondefendflag2d
0x0ECC	iconreturnflag3d
0x0ECD	iconreturnflag2d
0x0ECE	iconwaitforflag3d
0x0ECF	iconwaitforflag2d
0x0ED0	teamflags
0x0ED1	capzones
0x0ED3	friendlyflagstatusicon
0x0ED4	friendlyflagstatustext
0x0ED5	enemyflagstatusicon
0x0ED6	enemyflagstatustext
0x0EDA	oldradius
0x0EDC	flagcaptured
0x0EDD	doprematch
0x0EDE	hqautodestroytime
0x0EDF	hqspawntime
0x0EE0	kothmode
0x0EE1	destroytime
0x0EE2	delayplayer
0x0EE3	spawndelay
0x0EE4	extradelay
0x0EE5	promode
0x0EE6	iconoffset
0x0EE9	radioobject
0x0EEB	hqdestroytime
0x0EEC	objectivehintpreparehq
0x0EED	objectivehintcapturehq
0x0EEE	objectivehintdestroyhq
0x0EEF	objectivehintdefendhq
0x0EF0	hqrevealtime
0x0EF4	timerdisplay
0x0EF6	radio
0x0EF7	gameobject
0x0EF9	trigorigin
0x0EFA	hqdestroyedbytimer
0x0EFC	delta
0x0EFE	nearspawns
0x0EFF	outerspawns
0x0F00	radios
0x0F04	prevradio
0x0F05	prevradio2
0x0F12	cost
0x0F13	bombsplanted
0x0F14	ddbombmodel
0x0F15	spawn_defenders
0x0F16	spawn_defenders_a
0x0F17	spawn_defenders_b
0x0F18	spawn_attackers
0x0F19	spawn_attackers_a
0x0F1A	spawn_attackers_b
0x0F1B	spawn_defenders_start
0x0F1C	spawn_attackers_start
0x0F1D	aplanted
0x0F1E	bplanted
0x0F20	ddbomb
0x0F24	defusing
0x0F25	timepausestart
0x0F26	destroyedobject
0x0F2D	nukesite
0x0F2E	endgametime
0x0F33	tweakfile
