f	0x0006	precacheturret
f	0x0007	getweaponarray
f	0x0008	spawnturret
f	0x0009	canspawnturret
f	0x000D	isdefined
f	0x000E	isstring
f	0x000F	setdvar
f	0x0010	setdvarifuninitialized
f	0x0013	getdvar
f	0x0014	getdvarint
f	0x0015	getdvarfloat
f	0x0016	getdvarvector
f	0x0017	gettime
f	0x0019	getweaponmodel
f	0x001A	getweaponhidetags
f	0x001B	getanimlength
f	0x001C	animhasnotetrack
f	0x001D	getnotetracktimes
f	0x001E	spawn
f	0x001F	bullettrace
f	0x0020	bullettracepassed
f	0x0021	sighttracepassed
f	0x0022	physicstrace
f	0x0023	playerphysicstrace
f	0x0024	getgroundposition
f	0x0025	getmovedelta
f	0x0026	getangledelta
f	0x0027	getnorthyaw
f	0x0028	setnorthyaw
f	0x0029	setslowmotion
f	0x002A	randomint
f	0x002B	randomfloat
f	0x002C	randomintrange
f	0x002D	randomfloatrange
f	0x002E	sin
f	0x002F	cos
f	0x0030	tan
f	0x0031	asin
f	0x0032	acos
f	0x0033	atan
f	0x0034	int
f	0x0035	abs
f	0x0036	min
f	0x0037	max
f	0x0038	floor
f	0x0039	ceil
f	0x003A	exp
f	0x003B	log
f	0x003C	sqrt
f	0x003D	squared
f	0x003E	clamp
f	0x003F	angleclamp
f	0x0040	angleclamp180
f	0x0041	vectorfromlinetopoint
f	0x0042	pointonsegmentnearesttopoint
f	0x0043	distance
f	0x0044	distance2d
f	0x0045	distancesquared
f	0x0046	length
f	0x0047	lengthsquared
f	0x0048	closer
f	0x0049	vectordot
f	0x004A	vectornormalize
f	0x004B	vectortoangles
f	0x004C	vectortoyaw
f	0x004D	vectorlerp
f	0x004E	anglestoup
f	0x004F	anglestoright
f	0x0050	anglestoforward
f	0x0051	combineangles
f	0x0052	transformmove
f	0x0053	issubstr
f	0x0054	getsubstr
f	0x0055	tolower
f	0x0056	strtok
f	0x0057	ambientplay
f	0x0058	ambientstop
f	0x0059	precachemodel
f	0x005A	precacheshellshock
f	0x005B	precacheitem
f	0x005C	precacheshader
f	0x005D	precachestring
f	0x005E	precachemenu
f	0x0060	precachelocationselector
f	0x0061	loadfx
f	0x0062	playfx
f	0x0063	playfxontag
f	0x0064	stopfxontag
f	0x0065	playloopedfx
f	0x0066	spawnfx
f	0x0067	triggerfx
f	0x0068	playfxontagforclients
f	0x0069	physicsexplosionsphere
f	0x006A	physicsexplosioncylinder
f	0x006D	setexpfog
f	0x006E	isexplosivedamagemod
f	0x006F	radiusdamage
f	0x0070	setplayerignoreradiusdamage
f	0x0071	glassradiusdamage
f	0x0072	earthquake
f	0x0073	getnumparts
f	0x0074	getpartname
f	0x0075	weaponfiretime
f	0x0076	weaponclipsize
f	0x0077	weaponisauto
f	0x0078	weaponissemiauto
f	0x0079	weaponisboltaction
f	0x007A	weaponinheritsperks
f	0x007B	weaponburstcount
f	0x007C	weapontype
f	0x007D	weaponclass
f	0x007E	weaponinventorytype
f	0x007F	weaponstartammo
f	0x0080	weaponmaxammo
f	0x0081	weaponaltweaponname
f	0x0082	isweaponcliponly
f	0x0083	isweapondetonationtimed
f	0x0084	weaponhasthermalscope
f	0x0085	getvehiclenode
f	0x0086	getvehiclenodearray
f	0x0087	getallvehiclenodes
f	0x0089	precachevehicle
f	0x008B	vehicle_getarray
f	0x008C	vehicle_getspawnerarray
f	0x008D	playrumbleonposition
f	0x0090	soundexists
f	0x0097	setminimap
f	0x0098	setthermalbodymaterial
f	0x0099	getarraykeys
f	0x009A	getfirstarraykey
f	0x009B	getnextarraykey
f	0x009C	sortbydistance
f	0x009D	tablelookup
f	0x009F	tablelookupistring
f	0x00A0	tablelookupbyrow
f	0x00A1	tablelookuprownum
f	0x00A2	getmissileowner
f	0x00A3	magicbullet
f	0x00A4	getweaponflashtagname
f	0x00A5	averagepoint
f	0x00A6	averagenormal
f	0x00A7	getglass
f	0x00A8	getglassarray
f	0x00A9	getglassorigin
f	0x00AA	isglassdestroyed
f	0x00AB	destroyglass
f	0x00AC	deleteglass
f	0x00AD	objective_add
f	0x00AE	objective_delete
f	0x00AF	objective_state
f	0x00B0	objective_icon
f	0x00B1	objective_position
f	0x00B2	objective_current
f	0x00B3	objective_onentity
f	0x00B4	objective_team
f	0x00B5	iprintln
f	0x00B6	iprintlnbold
f	0x00B7	logstring
f	0x00B8	getent
f	0x00B9	getentarray
f	0x00BA	spawnplane
f	0x00BB	spawnstruct
f	0x00BC	spawnhelicopter
f	0x00BD	isalive
f	0x00BE	isspawner
f	0x00BF	getbrushmodelcenter
f	0x00C5	musicplay
f	0x00C6	musicstop
f	0x00C7	soundfade
f	0x00C8	playsoundatpos
f	0x00CA	newhudelem
f	0x00CB	newclienthudelem
f	0x00CC	newteamhudelem
f	0x00CD	resettimeout
f	0x00CF	precachefxteamthermal
f	0x00D0	isplayer
f	0x00D1	isplayernumber
f	0x00D2	setwinningplayer
f	0x00D3	setwinningteam
f	0x00D4	announcement
f	0x00D5	clientannouncement
f	0x00D6	getteamscore
f	0x00D7	setteamscore
f	0x00D8	setclientnamemode
f	0x00D9	updateclientnames
f	0x00DA	getteamplayersalive
f	0x00DB	logprint
f	0x00DC	worldentnumber
f	0x00DD	obituary
f	0x00DE	positionwouldtelefrag
f	0x00DF	canspawn
f	0x00E0	getstarttime
f	0x00E1	precachestatusicon
f	0x00E2	precacheheadicon
f	0x00E3	precacheminimapicon
f	0x00E4	precachempanim
f	0x00E5	map_restart
f	0x00E6	exitlevel
f	0x00E7	addtestclient
f	0x00E8	makedvarserverinfo
f	0x00E9	map
f	0x00EA	allclientsprint
f	0x00EB	clientprint
f	0x00EC	mapexists
f	0x00ED	isvalidgametype
f	0x00EF	setplayerteamrank
f	0x00F2	setteamradar
f	0x00F3	getteamradar
f	0x00F4	blockteamradar
f	0x00F5	unblockteamradar
f	0x00F6	isteamradarblocked
f	0x00F7	getassignedteam
f	0x00F8	setmatchdata
f	0x00F9	getmatchdata
f	0x00FA	sendmatchdata
f	0x00FB	clearmatchdata
f	0x00FC	setmatchdatadef
f	0x00FD	setclientmatchdata
f	0x00FE	getclientmatchdata
f	0x00FF	setclientmatchdatadef
f	0x0100	sendclientmatchdata
f	0x0101	getbuildversion
f	0x0102	getbuildnumber
f	0x0103	getsystemtime
f	0x0104	kick
f	0x0105	issplitscreen
f	0x0106	setmapcenter
f	0x0107	setgameendtime
f	0x010D	visionsetnaked
f	0x010E	visionsetnight
f	0x010F	visionsetmissilecam
f	0x0110	visionsetthermal
f	0x0111	visionsetpain
f	0x0112	endlobby
f	0x0113	setac130ambience
f	0x0115	updateskill
f	0x0116	spawnsighttrace
f	0x01C5	_func_1C5
f	0x01C6	_func_1C6
f	0x01C7	_func_1C7
m	0x0117	attach
m	0x0118	attachshieldmodel
m	0x0119	detach
m	0x011A	detachshieldmodel
m	0x011B	moveshieldmodel
m	0x011C	detachall
m	0x011D	getattachsize
m	0x011E	getattachmodelname
m	0x011F	getattachtagname
m	0x0120	getattachignorecollision
m	0x0121	hidepart
m	0x0123	hideallparts
m	0x0124	showpart
m	0x0125	showallparts
m	0x0126	linkto
m	0x0127	linktoblendtotag
m	0x0128	unlink
m	0x0129	islinked
m	0x012A	enablelinkto
m	0x012B	playerlinkto
m	0x012C	playerlinktodelta
m	0x012D	playerlinkweaponviewtodelta
m	0x012E	playerlinktoabsolute
m	0x012F	playerlinktoblend
m	0x0130	playerlinkedoffsetenable
m	0x0131	playerlinkedoffsetdisable
m	0x0132	lerpviewangleclamp
m	0x0133	geteye
m	0x0134	istouching
m	0x0135	stoploopsound
m	0x0136	stopsounds
m	0x013A	delete
m	0x013B	setmodel
m	0x013C	laseron
m	0x013D	laseroff
m	0x013E	laseraltviewon
m	0x013F	laseraltviewoff
m	0x0140	thermalvisionon
m	0x0141	thermalvisionoff
m	0x0142	thermalvisionfofoverlayon
m	0x0143	thermalvisionfofoverlayoff
m	0x0144	setcontents
m	0x0145	makeusable
m	0x0146	makeunusable
m	0x0147	setcursorhint
m	0x0148	sethintstring
m	0x0149	forceusehinton
m	0x014A	forceusehintoff
m	0x014B	makesoft
m	0x014C	makehard
m	0x014D	willneverchange
m	0x014E	startfiring
m	0x014F	stopfiring
m	0x0150	isfiringturret
m	0x0151	startbarrelspin
m	0x0152	stopbarrelspin
m	0x0153	getbarrelspinrate
m	0x0154	shootturret
m	0x0155	getturretowner
m	0x0156	setsentryowner
m	0x0158	setturretminimapvisible
m	0x0159	settargetentity
m	0x015A	cleartargetentity
m	0x015B	getturrettarget
m	0x015C	setplayerspread
m	0x015F	setconvergencetime
m	0x0160	setturretteam
m	0x0161	maketurretsolid
m	0x0162	maketurretoperable
m	0x0163	maketurretinoperable
m	0x0165	setrightarc
m	0x0166	setleftarc
m	0x0167	settoparc
m	0x0168	setbottomarc
m	0x0169	setautorotationdelay
m	0x016A	setdefaultdroppitch
m	0x016B	restoredefaultdroppitch
m	0x016C	turretfiredisable
m	0x016D	turretfireenable
m	0x016E	setturretmodechangewait
m	0x016F	usetriggerrequirelookat
m	0x0170	getstance
m	0x0171	setstance
m	0x0172	itemweaponsetammo
m	0x0173	getammocount
m	0x0174	gettagorigin
m	0x0175	gettagangles
m	0x0176	shellshock
m	0x0177	stunplayer
m	0x0178	stopshellshock
m	0x0179	fadeoutshellshock
m	0x017A	setdepthoffield
m	0x017B	setviewmodeldepthoffield
m	0x017F	viewkick
m	0x0180	localtoworldcoords
m	0x0181	getentitynumber
m	0x0182	enablegrenadetouchdamage
m	0x0183	disablegrenadetouchdamage
m	0x0184	enableaimassist
m	0x0185	disableaimassist
m	0x0187	detonate
m	0x0188	damageconetrace
m	0x0189	sightconetrace
m	0x018A	missile_settargetent
m	0x018B	missile_settargetpos
m	0x018C	missile_cleartarget
m	0x018D	missile_setflightmodedirect
m	0x018E	missile_setflightmodetop
m	0x018F	getlightintensity
m	0x0190	setlightintensity
m	0x0191	isragdoll
m	0x0192	setmovespeedscale
m	0x0193	cameralinkto
m	0x0194	cameraunlink
m	0x0195	controlslinkto
m	0x0196	controlsunlink
m	0x0197	getplayersetting
m	0x0198	getlocalplayerprofiledata
m	0x0199	setlocalplayerprofiledata
m	0x019A	remotecamerasoundscapeon
m	0x019B	remotecamerasoundscapeoff
m	0x019C	radarjamon
m	0x019D	radarjamoff
m	0x019E	setmotiontrackervisible
m	0x019F	getmotiontrackervisible
m	0x01A0	worldpointinreticle_circle
m	0x01A1	getpointinbounds
m	0x01A2	transfermarkstonewscriptmodel
m	0x01A5	setwatersheeting
m	0x01A6	setweaponhudiconoverride
m	0x01A7	getweaponhudiconoverride
m	0x01A8	setempjammed
m	0x01A9	pingplayer
m	0x01AB	sayall
m	0x01AC	sayteam
m	0x01AD	showscoreboard
m	0x01AE	setspawnweapon
m	0x01AF	dropitem
m	0x01B0	dropscavengerbag
m	0x01B1	finishplayerdamage
m	0x01B2	suicide
m	0x01B3	closeingamemenu
m	0x01B4	iprintln
m	0x01B5	iprintlnbold
m	0x01B6	spawn
m	0x01B7	setentertime
m	0x01B8	cloneplayer
m	0x01B9	istalking
m	0x01BA	allowspectateteam
m	0x01BB	getguid
m	0x01BC	getxuid
m	0x01BD	ishost
m	0x01BE	getspectatingplayer
m	0x01BF	predictstreampos
m	0x01C0	updatescores
m	0x01C1	updatedmscores
m	0x01C2	setrank
m	0x01C3	setcardtitle
m	0x01C4	setcardicon
m	0x01C5	setcardnameplate
m	0x01C6	setcarddisplayslot
m	0x01C8	laststandrevive
m	0x01C9	showhudsplash
m	0x01CA	setspectatedefaults
m	0x01CB	getthirdpersoncrosshairoffset
m	0x01CC	getviewmodel
m	0x01CD	fragbuttonpressed
m	0x01CE	secondaryoffhandbuttonpressed
m	0x01CF	getcurrentweaponclipammo
m	0x01D0	setvelocity
m	0x01D2	getnormalizedmovement
m	0x01D3	giveweapon
m	0x01D4	takeweapon
m	0x01D5	takeallweapons
m	0x01D6	getcurrentweapon
m	0x01D7	getcurrentprimaryweapon
m	0x01D8	getcurrentoffhand
m	0x01D9	hasweapon
m	0x01DA	switchtoweapon
m	0x01DB	switchtoweaponimmediate
m	0x01DC	switchtooffhand
m	0x01DD	givestartammo
m	0x01DE	givemaxammo
m	0x01DF	getfractionstartammo
m	0x01E0	getfractionmaxammo
m	0x01E2	isreloading
m	0x01E3	isswitchingweapon
m	0x01E4	setorigin
m	0x01E5	getvelocity
m	0x01E6	setplayerangles
m	0x01E7	getplayerangles
m	0x01E8	usebuttonpressed
m	0x01E9	attackbuttonpressed
m	0x01EA	adsbuttonpressed
m	0x01EB	meleebuttonpressed
m	0x01EC	playerads
m	0x01ED	isonground
m	0x01EE	isusingturret
m	0x01EF	setviewmodel
m	0x01F0	setoffhandprimaryclass
m	0x01F1	getoffhandprimaryclass
m	0x01F2	setoffhandsecondaryclass
m	0x01F3	getoffhandsecondaryclass
m	0x01F4	beginlocationselection
m	0x01F5	endlocationselection
m	0x01F6	disableweapons
m	0x01F7	enableweapons
m	0x01F8	disableoffhandweapons
m	0x01F9	enableoffhandweapons
m	0x01FA	disableweaponswitch
m	0x01FB	enableweaponswitch
m	0x01FC	openpopupmenu
m	0x01FD	openpopupmenunomouse
m	0x01FE	closepopupmenu
m	0x01FF	openmenu
m	0x0200	closemenu
m	0x0201	freezecontrols
m	0x0202	disableusability
m	0x0203	enableusability
m	0x0204	setreverb
m	0x0205	deactivatereverb
m	0x0206	setchannelvolumes
m	0x0207	deactivatechannelvolumes
m	0x0208	playlocalsound
m	0x0209	stoplocalsound
m	0x020A	setweaponammoclip
m	0x020B	setweaponammostock
m	0x020C	getweaponammoclip
m	0x020D	getweaponammostock
m	0x020E	anyammoforweaponmodes
m	0x020F	setclientdvar
m	0x0210	setclientdvars
m	0x0211	allowads
m	0x0212	allowjump
m	0x0213	allowsprint
m	0x0214	setspreadoverride
m	0x0215	resetspreadoverride
m	0x0216	setactionslot
m	0x0217	getweaponslistall
m	0x0218	getweaponslistprimaries
m	0x0219	getweaponslistoffhands
m	0x021A	getweaponslistitems
m	0x021B	getweaponslistexclusives
m	0x021C	getweaponslist
m	0x021D	canplayerplacesentry
m	0x021E	visionsetnakedforplayer
m	0x021F	visionsetnightforplayer
m	0x0220	visionsetmissilecamforplayer
m	0x0221	visionsetthermalforplayer
m	0x0222	visionsetpainforplayer
m	0x0223	setblurforplayer
m	0x0224	getplayerweaponmodel
m	0x0226	notifyonplayercommand
m	0x0227	canmantle
m	0x0228	forcemantle
m	0x0229	ismantling
m	0x022A	playfx
m	0x022B	player_recoilscaleon
m	0x022C	player_recoilscaleoff
m	0x022D	weaponlockstart
m	0x022E	weaponlockfinalize
m	0x022F	weaponlockfree
m	0x0230	weaponlocktargettooclose
m	0x0231	weaponlocknoclearance
m	0x0233	setperk
m	0x0234	hasperk
m	0x0235	clearperks
m	0x0236	unsetperk
m	0x0237	moveto
m	0x0238	movex
m	0x0239	movey
m	0x023A	movez
m	0x023B	movegravity
m	0x023C	moveslide
m	0x023D	stopmoveslide
m	0x023E	rotateto
m	0x023F	rotatepitch
m	0x0240	rotateyaw
m	0x0241	rotateroll
m	0x0242	addpitch
m	0x0243	addyaw
m	0x0244	addroll
m	0x0245	vibrate
m	0x0246	rotatevelocity
m	0x0247	solid
m	0x0248	notsolid
m	0x0249	setcandamage
m	0x024A	setcanradiusdamage
m	0x024B	physicslaunchclient
m	0x024C	physicslaunchserver
m	0x024D	clonebrushmodeltoscriptmodel
m	0x024E	scriptmodelplayanim
m	0x024F	scriptmodelclearanim
m	0x0250	vehicle_teleport
m	0x0251	attachpath
m	0x0252	getattachpos
m	0x0253	startpath
m	0x0254	setswitchnode
m	0x0255	setwaitspeed
m	0x0256	vehicle_finishdamage
m	0x0257	vehicle_setspeed
m	0x0258	vehicle_setspeedimmediate
m	0x0259	vehicle_rotateyaw
m	0x025A	vehicle_getspeed
m	0x025B	vehicle_getvelocity
m	0x025C	vehicle_getsteering
m	0x025D	vehicle_getthrottle
m	0x025E	vehicle_turnengineoff
m	0x025F	vehicle_turnengineon
m	0x0260	getgoalspeedmph
m	0x0261	setacceleration
m	0x0262	setdeceleration
m	0x0264	resumespeed
m	0x0265	setyawspeed
m	0x0266	setmaxpitchroll
m	0x0267	setairresistance
m	0x0268	setturningability
m	0x0269	setjitterparams
m	0x026A	sethoverparams
m	0x026B	joltbody
m	0x026C	freevehicle
m	0x026D	getwheelsurface
m	0x026E	getvehicleowner
m	0x026F	setvehiclelookattext
m	0x0270	setvehicleteam
m	0x0272	setgoalpos
m	0x0273	setgoalyaw
m	0x0274	cleargoalyaw
m	0x0275	settargetyaw
m	0x0276	cleartargetyaw
m	0x0277	setturrettargetvec
m	0x0278	setturrettargetent
m	0x027A	vehicle_canturrettargetpoint
m	0x027B	setlookatent
m	0x027C	clearlookatent
m	0x027E	fireweapon
m	0x027F	vehicleturretcontrolon
m	0x0280	vehicleturretcontroloff
m	0x0281	isturretready
m	0x0282	vehicledriveto
m	0x0283	vehicle_dospawn
m	0x0284	vehicle_isphysveh
m	0x0285	vehphys_crash
m	0x0286	vehphys_launch
m	0x0287	vehphys_disablecrashing
m	0x0288	vehphys_enablecrashing
m	0x0289	vehphys_setspeed
m	0x028A	vehphys_setconveyorbelt
m	0x0295	setvehgoalpos
m	0x02A2	setdamagestage
m	0x02A5	settext
m	0x02A6	clearalltextafterhudelem
m	0x02A7	setshader
m	0x02A8	settargetent
m	0x02A9	cleartargetent
m	0x02AA	settimer
m	0x02AB	settimerup
m	0x02AC	settimerstatic
m	0x02AD	settenthstimer
m	0x02AE	settenthstimerup
m	0x02AF	settenthstimerstatic
m	0x02B0	setclock
m	0x02B1	setclockup
m	0x02B2	setvalue
m	0x02B3	setwaypoint
m	0x02B4	setwaypointedgestyle_rotatingicon
m	0x02B5	setwaypointedgestyle_secondaryarrow
m	0x02B6	setwaypointiconoffscreenonly
m	0x02B7	fadeovertime
m	0x02B8	scaleovertime
m	0x02B9	moveovertime
m	0x02BA	reset
m	0x02BB	destroy
m	0x02BC	setpulsefx
m	0x02BD	setplayernamestring
m	0x02BE	changefontscaleovertime
m	0x02BF	getorigin
m	0x02C0	useby
m	0x02C1	setstablemissile
m	0x02C2	playsound
m	0x02C3	playsoundasmaster
m	0x02C4	playsoundtoteam
m	0x02C5	playsoundtoplayer
m	0x02C6	playloopsound
m	0x02C7	getnormalhealth
m	0x02C8	setnormalhealth
m	0x02C9	show
m	0x02CA	hide
m	0x02CB	playerhide
m	0x02CC	showtoplayer
m	0x02CD	enableplayeruse
m	0x02CE	disableplayeruse
m	0x02CF	setmode
m	0x02D0	getmode
m	0x02D1	placespawnpoint
m	0x02D2	setteamfortrigger
m	0x02D3	clientclaimtrigger
m	0x02D4	clientreleasetrigger
m	0x02D5	releaseclaimedtrigger
m	0x02D6	getplayerdata
m	0x02D7	setplayerdata
m	0x02D9	isitemunlocked
m	0x02DC	getrestedtime
m	0x02DD	sendleaderboards
m	0x02DE	logstring
m	0x02DF	isonladder
m	0x02E1	startragdoll
m	0x02E2	getcorpseanim
m	0x02E3	playerforcedeathanim
m	0x02E4	startac130
m	0x02E5	stopac130
m	0x8309	_meth_8309
m	0x830A	_meth_830A
