15b79b	_clearperks
18528b	_disableweapon
1854eb	_disableweaponswitch
1855ab	_enableweaponswitch
15ac0b	_giveweapon
15b07b	_hasperk
1534db	_setactionslot
15b4cb	_unsetperk
66907b	addtohelilist
2f92cb	clearkillstreaks
14148b	clearlowermessage
61c2db	createairdropcrate
1cf4ab	createfontstring
1d157b	createicon
1d4ceb	createprimaryprogressbar
1d50eb	createprimaryprogressbartext
1cfc3b	createserverfontstring
13db9b	deleteplacedentity
697beb	destroyactivevehicles
1d6eeb	destroyelem
5b4acb	disableobject
620b3b	dropthecrate
36859b	endgame
32522b	findboxcenter
55f24b	finishplayerdamagewrapper
3856eb	fontpulseinit
34102b	forceend
159bfb	freezecontrolswrapper
16aadb	get_enemy_team
61791b	getcratetypefordroptype
6232db	getflyheightoffset
26333b	getteamflagmodel
262fbb	getteamvoiceprefix
2fbf6b	givekillstreak
1e35db	giveloadout
1fd13b	giveperk
65767b	heli_damage_monitor
652adb	heli_existance
6644bb	heli_fly_loop_path
6636db	heli_fly_simple_path
66643b	heli_fly_well
658f8b	heli_health
66732b	heli_leave
65d13b	heli_leave_on_changeteams
65cf8b	heli_leave_on_disconnect
65d50b	heli_leave_on_gameended
65630b	heli_reset
2d4e3b	hintmessage
15a28b	isusingremote
148b4b	leaderdialog
2d7a8b	notifymessage
3620db	pausetimer
621b9b	physicswaiter
13de0b	playsoundonplayers
651d3b	sentry_attacktargets
1f0b2b	setkillstreaks
14084b	setlowermessage
14d56b	setobjectivehinttext
1ca6cb	setparent
1cb40b	setpoint
4f488b	setspectatepermissions
21471b	settweakablevalue
1651fb	teamplayercardsplash
1ce96b	updatebar
24431b	updatemovespeedscale
17903b	vector_multiply
51fbfb	waitlongdurationwithhostmigrationpause
16ec6b	waittill_any
